
-- phpMyAdmin SQL Dump
-- version 3.5.2.2
-- http://www.phpmyadmin.net
--
-- Host: localhost
-- Generation Time: May 30, 2016 at 08:56 PM
-- Server version: 10.0.20-MariaDB
-- PHP Version: 5.2.17

SET SQL_MODE="NO_AUTO_VALUE_ON_ZERO";
SET time_zone = "+00:00";


/*!40101 SET @OLD_CHARACTER_SET_CLIENT=@@CHARACTER_SET_CLIENT */;
/*!40101 SET @OLD_CHARACTER_SET_RESULTS=@@CHARACTER_SET_RESULTS */;
/*!40101 SET @OLD_COLLATION_CONNECTION=@@COLLATION_CONNECTION */;
/*!40101 SET NAMES utf8 */;

--
-- Database: `u348740555_datab`
--

-- --------------------------------------------------------

--
-- Table structure for table `attend_i`
--

CREATE TABLE IF NOT EXISTS `attend_i` (
  `email` varchar(50) NOT NULL,
  `sub1` int(11) DEFAULT NULL,
  `sub2` int(11) DEFAULT NULL,
  `sub3` int(11) DEFAULT NULL,
  `sub4` int(11) DEFAULT NULL,
  `sub5` int(11) DEFAULT NULL,
  PRIMARY KEY (`email`)
) ENGINE=MyISAM DEFAULT CHARSET=utf8;

--
-- Dumping data for table `attend_i`
--

INSERT INTO `attend_i` (`email`, `sub1`, `sub2`, `sub3`, `sub4`, `sub5`) VALUES
('abc@gmail.com1', 3, 12, 13, 14, 15),
('abc@gmail.com10', 3, 21, 22, 23, 24),
('abc@gmail.com100', 3, 21, 22, 23, 24),
('abc@gmail.com101', 3, 12, 13, 14, 15),
('abc@gmail.com102', 3, 13, 14, 15, 16),
('abc@gmail.com103', 3, 14, 15, 16, 17),
('abc@gmail.com104', 3, 15, 16, 17, 18),
('abc@gmail.com105', 3, 16, 17, 18, 19),
('abc@gmail.com106', 3, 17, 18, 19, 20),
('abc@gmail.com107', 3, 18, 19, 20, 21),
('abc@gmail.com108', 3, 19, 20, 21, 22),
('abc@gmail.com109', 3, 20, 21, 22, 23),
('abc@gmail.com11', 3, 12, 13, 14, 15),
('abc@gmail.com110', 3, 21, 22, 23, 24),
('abc@gmail.com111', 3, 12, 13, 14, 15),
('abc@gmail.com112', 3, 13, 14, 15, 16),
('abc@gmail.com113', 3, 14, 15, 16, 17),
('abc@gmail.com114', 3, 15, 16, 17, 18),
('abc@gmail.com115', 3, 16, 17, 18, 19),
('abc@gmail.com116', 3, 17, 18, 19, 20),
('abc@gmail.com117', 3, 18, 19, 20, 21),
('abc@gmail.com118', 3, 19, 20, 21, 22),
('abc@gmail.com119', 3, 20, 21, 22, 23),
('abc@gmail.com12', 3, 13, 14, 15, 16),
('abc@gmail.com120', 3, 21, 22, 23, 24),
('abc@gmail.com121', 3, 12, 13, 14, 15),
('abc@gmail.com122', 3, 13, 14, 15, 16),
('abc@gmail.com123', 3, 14, 15, 16, 17),
('abc@gmail.com124', 3, 15, 16, 17, 18),
('abc@gmail.com125', 3, 16, 17, 18, 19),
('abc@gmail.com126', 3, 17, 18, 19, 20),
('abc@gmail.com127', 3, 18, 19, 20, 21),
('abc@gmail.com128', 3, 19, 20, 21, 22),
('abc@gmail.com129', 3, 20, 21, 22, 23),
('abc@gmail.com13', 3, 14, 15, 16, 17),
('abc@gmail.com131', 3, 12, 13, 14, 15),
('abc@gmail.com132', 3, 13, 14, 15, 16),
('abc@gmail.com133', 3, 14, 15, 16, 17),
('abc@gmail.com134', 3, 15, 16, 17, 18),
('abc@gmail.com135', 3, 16, 17, 18, 19),
('abc@gmail.com136', 3, 17, 18, 19, 20),
('abc@gmail.com137', 3, 18, 19, 20, 21),
('abc@gmail.com138', 3, 19, 20, 21, 22),
('abc@gmail.com139', 3, 20, 21, 22, 23),
('abc@gmail.com14', 3, 15, 16, 17, 18),
('abc@gmail.com140', 3, 21, 22, 23, 24),
('abc@gmail.com141', 3, 12, 13, 14, 15),
('abc@gmail.com142', 3, 13, 14, 15, 16),
('abc@gmail.com143', 3, 14, 15, 16, 17),
('abc@gmail.com144', 3, 15, 16, 17, 18),
('abc@gmail.com145', 3, 16, 17, 18, 19),
('abc@gmail.com146', 3, 17, 18, 19, 20),
('abc@gmail.com147', 3, 18, 19, 20, 21),
('abc@gmail.com148', 3, 19, 20, 21, 22),
('abc@gmail.com149', 3, 20, 21, 22, 23),
('abc@gmail.com15', 3, 16, 17, 18, 19),
('abc@gmail.com150', 3, 21, 22, 23, 24),
('abc@gmail.com151', 3, 12, 13, 14, 15),
('abc@gmail.com152', 3, 13, 14, 15, 16),
('abc@gmail.com153', 3, 14, 15, 16, 17),
('abc@gmail.com154', 3, 15, 16, 17, 18),
('abc@gmail.com155', 3, 16, 17, 18, 19),
('abc@gmail.com156', 3, 17, 18, 19, 20),
('abc@gmail.com157', 3, 18, 19, 20, 21),
('abc@gmail.com158', 3, 19, 20, 21, 22),
('abc@gmail.com159', 3, 20, 21, 22, 23),
('abc@gmail.com16', 3, 17, 18, 19, 20),
('abc@gmail.com160', 3, 21, 22, 23, 24),
('abc@gmail.com161', 3, 13, 14, 15, 16),
('abc@gmail.com162', 3, 14, 15, 16, 17),
('abc@gmail.com163', 3, 15, 16, 17, 18),
('abc@gmail.com164', 3, 16, 17, 18, 19),
('abc@gmail.com165', 3, 17, 18, 19, 20),
('abc@gmail.com166', 3, 18, 19, 20, 21),
('abc@gmail.com167', 3, 19, 20, 21, 22),
('abc@gmail.com168', 3, 20, 21, 22, 23),
('abc@gmail.com169', 3, 21, 22, 23, 24),
('abc@gmail.com17', 3, 18, 19, 20, 21),
('abc@gmail.com170', 3, 12, 13, 14, 15),
('abc@gmail.com171', 3, 13, 14, 15, 16),
('abc@gmail.com172', 3, 14, 15, 16, 17),
('abc@gmail.com173', 3, 15, 16, 17, 18),
('abc@gmail.com174', 3, 16, 17, 18, 19),
('abc@gmail.com175', 3, 17, 18, 19, 20),
('abc@gmail.com176', 3, 18, 19, 20, 21),
('abc@gmail.com177', 3, 19, 20, 21, 22),
('abc@gmail.com178', 3, 20, 21, 22, 23),
('abc@gmail.com179', 3, 21, 22, 23, 24),
('abc@gmail.com18', 3, 19, 20, 21, 22),
('abc@gmail.com180', 3, 12, 13, 14, 15),
('abc@gmail.com19', 3, 20, 21, 22, 23),
('abc@gmail.com2', 3, 13, 14, 15, 16),
('abc@gmail.com20', 3, 21, 22, 23, 24),
('abc@gmail.com21', 3, 12, 13, 14, 15),
('abc@gmail.com22', 3, 13, 14, 15, 16),
('abc@gmail.com23', 3, 14, 15, 16, 17),
('abc@gmail.com24', 3, 15, 16, 17, 18),
('abc@gmail.com25', 3, 16, 17, 18, 19),
('abc@gmail.com26', 3, 17, 18, 19, 20),
('abc@gmail.com27', 3, 18, 19, 20, 21),
('abc@gmail.com28', 3, 19, 20, 21, 22),
('abc@gmail.com29', 3, 20, 21, 22, 23),
('abc@gmail.com3', 3, 14, 15, 16, 17),
('abc@gmail.com30', 3, 21, 22, 23, 24),
('abc@gmail.com31', 3, 12, 13, 14, 15),
('abc@gmail.com32', 3, 13, 14, 15, 16),
('abc@gmail.com33', 3, 14, 15, 16, 17),
('abc@gmail.com34', 3, 15, 16, 17, 18),
('abc@gmail.com35', 3, 16, 17, 18, 19),
('abc@gmail.com36', 3, 17, 18, 19, 20),
('abc@gmail.com37', 3, 18, 19, 20, 21),
('abc@gmail.com38', 3, 19, 20, 21, 22),
('abc@gmail.com39', 3, 20, 21, 22, 23),
('abc@gmail.com4', 3, 15, 16, 17, 18),
('abc@gmail.com40', 3, 21, 22, 23, 24),
('abc@gmail.com41', 3, 12, 13, 14, 15),
('abc@gmail.com42', 3, 13, 14, 15, 16),
('abc@gmail.com43', 3, 14, 15, 16, 17),
('abc@gmail.com44', 3, 15, 16, 17, 18),
('abc@gmail.com45', 3, 16, 17, 18, 19),
('abc@gmail.com46', 3, 17, 18, 19, 20),
('abc@gmail.com47', 3, 18, 19, 20, 21),
('abc@gmail.com48', 3, 19, 20, 21, 22),
('abc@gmail.com49', 3, 20, 21, 22, 23),
('abc@gmail.com5', 3, 16, 17, 18, 19),
('abc@gmail.com50', 3, 21, 22, 23, 24),
('abc@gmail.com51', 3, 12, 13, 14, 15),
('abc@gmail.com52', 3, 13, 14, 15, 16),
('abc@gmail.com53', 3, 14, 15, 16, 17),
('abc@gmail.com54', 3, 15, 16, 17, 18),
('abc@gmail.com55', 3, 16, 17, 18, 19),
('abc@gmail.com56', 3, 17, 18, 19, 20),
('abc@gmail.com57', 3, 18, 19, 20, 21),
('abc@gmail.com58', 3, 19, 20, 21, 22),
('abc@gmail.com59', 3, 20, 21, 22, 23),
('abc@gmail.com6', 3, 17, 18, 19, 20),
('abc@gmail.com60', 3, 21, 22, 23, 24),
('abc@gmail.com61', 3, 12, 13, 14, 15),
('abc@gmail.com62', 3, 13, 14, 15, 16),
('abc@gmail.com63', 3, 14, 15, 16, 17),
('abc@gmail.com64', 3, 15, 16, 17, 18),
('abc@gmail.com65', 3, 16, 17, 18, 19),
('abc@gmail.com66', 3, 17, 18, 19, 20),
('abc@gmail.com67', 3, 18, 19, 20, 21),
('abc@gmail.com68', 3, 19, 20, 21, 22),
('abc@gmail.com69', 3, 20, 21, 22, 23),
('abc@gmail.com7', 3, 18, 19, 20, 21),
('abc@gmail.com70', 3, 21, 22, 23, 24),
('abc@gmail.com71', 3, 12, 13, 14, 15),
('abc@gmail.com72', 3, 13, 14, 15, 16),
('abc@gmail.com73', 3, 14, 15, 16, 17),
('abc@gmail.com74', 3, 15, 16, 17, 18),
('abc@gmail.com75', 3, 16, 17, 18, 19),
('abc@gmail.com76', 3, 17, 18, 19, 20),
('abc@gmail.com77', 3, 18, 19, 20, 21),
('abc@gmail.com78', 3, 19, 20, 21, 22),
('abc@gmail.com79', 3, 20, 21, 22, 23),
('abc@gmail.com8', 3, 19, 20, 21, 22),
('abc@gmail.com80', 3, 21, 22, 23, 24),
('abc@gmail.com81', 3, 12, 13, 14, 15),
('abc@gmail.com82', 3, 13, 14, 15, 16),
('abc@gmail.com83', 3, 14, 15, 16, 17),
('abc@gmail.com84', 3, 15, 16, 17, 18),
('abc@gmail.com85', 3, 16, 17, 18, 19),
('abc@gmail.com86', 3, 17, 18, 19, 20),
('abc@gmail.com87', 3, 18, 19, 20, 21),
('abc@gmail.com88', 3, 19, 20, 21, 22),
('abc@gmail.com89', 3, 20, 21, 22, 23),
('abc@gmail.com9', 3, 20, 21, 22, 23),
('abc@gmail.com90', 3, 21, 22, 23, 24),
('abc@gmail.com91', 3, 12, 13, 14, 15),
('abc@gmail.com92', 3, 13, 14, 15, 16),
('abc@gmail.com93', 3, 14, 15, 16, 17),
('abc@gmail.com94', 3, 15, 16, 17, 18),
('abc@gmail.com95', 3, 16, 17, 18, 19),
('abc@gmail.com96', 3, 17, 18, 19, 20),
('abc@gmail.com97', 3, 18, 19, 20, 21),
('abc@gmail.com98', 3, 19, 20, 21, 22),
('abc@gmail.com99', 3, 20, 21, 22, 23),
('dnsudhir@gmail.com', 3, 21, 22, 23, 24);

-- --------------------------------------------------------

--
-- Table structure for table `attend_ii`
--

CREATE TABLE IF NOT EXISTS `attend_ii` (
  `email` varchar(50) NOT NULL,
  `sub1` int(11) DEFAULT NULL,
  `sub2` int(11) DEFAULT NULL,
  `sub3` int(11) DEFAULT NULL,
  `sub4` int(11) DEFAULT NULL,
  `sub5` int(11) DEFAULT NULL,
  PRIMARY KEY (`email`)
) ENGINE=MyISAM DEFAULT CHARSET=utf8;

--
-- Dumping data for table `attend_ii`
--

INSERT INTO `attend_ii` (`email`, `sub1`, `sub2`, `sub3`, `sub4`, `sub5`) VALUES
('abc@gmail.com1', 4, 12, 13, 14, 15),
('abc@gmail.com10', 4, 21, 22, 23, 24),
('abc@gmail.com100', 4, 21, 22, 23, 24),
('abc@gmail.com101', 4, 12, 13, 14, 15),
('abc@gmail.com102', 4, 13, 14, 15, 16),
('abc@gmail.com103', 4, 14, 15, 16, 17),
('abc@gmail.com104', 4, 15, 16, 17, 18),
('abc@gmail.com105', 4, 16, 17, 18, 19),
('abc@gmail.com106', 4, 17, 18, 19, 20),
('abc@gmail.com107', 4, 18, 19, 20, 21),
('abc@gmail.com108', 4, 19, 20, 21, 22),
('abc@gmail.com109', 4, 20, 21, 22, 23),
('abc@gmail.com11', 4, 12, 13, 14, 15),
('abc@gmail.com110', 4, 21, 22, 23, 24),
('abc@gmail.com111', 4, 12, 13, 14, 15),
('abc@gmail.com112', 4, 13, 14, 15, 16),
('abc@gmail.com113', 4, 14, 15, 16, 17),
('abc@gmail.com114', 4, 15, 16, 17, 18),
('abc@gmail.com115', 4, 16, 17, 18, 19),
('abc@gmail.com116', 4, 17, 18, 19, 20),
('abc@gmail.com117', 4, 18, 19, 20, 21),
('abc@gmail.com118', 4, 19, 20, 21, 22),
('abc@gmail.com119', 4, 20, 21, 22, 23),
('abc@gmail.com12', 4, 13, 14, 15, 16),
('abc@gmail.com120', 4, 21, 22, 23, 24),
('abc@gmail.com121', 4, 12, 13, 14, 15),
('abc@gmail.com122', 4, 13, 14, 15, 16),
('abc@gmail.com123', 4, 14, 15, 16, 17),
('abc@gmail.com124', 4, 15, 16, 17, 18),
('abc@gmail.com125', 4, 16, 17, 18, 19),
('abc@gmail.com126', 4, 17, 18, 19, 20),
('abc@gmail.com127', 4, 18, 19, 20, 21),
('abc@gmail.com128', 4, 19, 20, 21, 22),
('abc@gmail.com129', 4, 20, 21, 22, 23),
('abc@gmail.com13', 4, 14, 15, 16, 17),
('abc@gmail.com131', 4, 12, 13, 14, 15),
('abc@gmail.com132', 4, 13, 14, 15, 16),
('abc@gmail.com133', 4, 14, 15, 16, 17),
('abc@gmail.com134', 4, 15, 16, 17, 18),
('abc@gmail.com135', 4, 16, 17, 18, 19),
('abc@gmail.com136', 4, 17, 18, 19, 20),
('abc@gmail.com137', 4, 18, 19, 20, 21),
('abc@gmail.com138', 4, 19, 20, 21, 22),
('abc@gmail.com139', 4, 20, 21, 22, 23),
('abc@gmail.com14', 4, 15, 16, 17, 18),
('abc@gmail.com140', 4, 21, 22, 23, 24),
('abc@gmail.com141', 4, 12, 13, 14, 15),
('abc@gmail.com142', 4, 13, 14, 15, 16),
('abc@gmail.com143', 4, 14, 15, 16, 17),
('abc@gmail.com144', 4, 15, 16, 17, 18),
('abc@gmail.com145', 4, 16, 17, 18, 19),
('abc@gmail.com146', 4, 17, 18, 19, 20),
('abc@gmail.com147', 4, 18, 19, 20, 21),
('abc@gmail.com148', 4, 19, 20, 21, 22),
('abc@gmail.com149', 4, 20, 21, 22, 23),
('abc@gmail.com15', 4, 16, 17, 18, 19),
('abc@gmail.com150', 4, 21, 22, 23, 24),
('abc@gmail.com151', 4, 12, 13, 14, 15),
('abc@gmail.com152', 4, 13, 14, 15, 16),
('abc@gmail.com153', 4, 14, 15, 16, 17),
('abc@gmail.com154', 4, 15, 16, 17, 18),
('abc@gmail.com155', 4, 16, 17, 18, 19),
('abc@gmail.com156', 4, 17, 18, 19, 20),
('abc@gmail.com157', 4, 18, 19, 20, 21),
('abc@gmail.com158', 4, 19, 20, 21, 22),
('abc@gmail.com159', 4, 20, 21, 22, 23),
('abc@gmail.com16', 4, 17, 18, 19, 20),
('abc@gmail.com160', 4, 21, 22, 23, 24),
('abc@gmail.com161', 4, 13, 14, 15, 16),
('abc@gmail.com162', 4, 14, 15, 16, 17),
('abc@gmail.com163', 4, 15, 16, 17, 18),
('abc@gmail.com164', 4, 16, 17, 18, 19),
('abc@gmail.com165', 4, 17, 18, 19, 20),
('abc@gmail.com166', 4, 18, 19, 20, 21),
('abc@gmail.com167', 4, 19, 20, 21, 22),
('abc@gmail.com168', 4, 20, 21, 22, 23),
('abc@gmail.com169', 4, 21, 22, 23, 24),
('abc@gmail.com17', 4, 18, 19, 20, 21),
('abc@gmail.com170', 4, 12, 13, 14, 15),
('abc@gmail.com171', 4, 13, 14, 15, 16),
('abc@gmail.com172', 4, 14, 15, 16, 17),
('abc@gmail.com173', 4, 15, 16, 17, 18),
('abc@gmail.com174', 4, 16, 17, 18, 19),
('abc@gmail.com175', 4, 17, 18, 19, 20),
('abc@gmail.com176', 4, 18, 19, 20, 21),
('abc@gmail.com177', 4, 19, 20, 21, 22),
('abc@gmail.com178', 4, 20, 21, 22, 23),
('abc@gmail.com179', 4, 21, 22, 23, 24),
('abc@gmail.com18', 4, 19, 20, 21, 22),
('abc@gmail.com180', 4, 12, 13, 14, 15),
('abc@gmail.com19', 4, 20, 21, 22, 23),
('abc@gmail.com2', 4, 13, 14, 15, 16),
('abc@gmail.com20', 4, 21, 22, 23, 24),
('abc@gmail.com21', 4, 12, 13, 14, 15),
('abc@gmail.com22', 4, 13, 14, 15, 16),
('abc@gmail.com23', 4, 14, 15, 16, 17),
('abc@gmail.com24', 4, 15, 16, 17, 18),
('abc@gmail.com25', 4, 16, 17, 18, 19),
('abc@gmail.com26', 4, 17, 18, 19, 20),
('abc@gmail.com27', 4, 18, 19, 20, 21),
('abc@gmail.com28', 4, 19, 20, 21, 22),
('abc@gmail.com29', 4, 20, 21, 22, 23),
('abc@gmail.com3', 4, 14, 15, 16, 17),
('abc@gmail.com30', 4, 21, 22, 23, 24),
('abc@gmail.com31', 4, 12, 13, 14, 15),
('abc@gmail.com32', 4, 13, 14, 15, 16),
('abc@gmail.com33', 4, 14, 15, 16, 17),
('abc@gmail.com34', 4, 15, 16, 17, 18),
('abc@gmail.com35', 4, 16, 17, 18, 19),
('abc@gmail.com36', 4, 17, 18, 19, 20),
('abc@gmail.com37', 4, 18, 19, 20, 21),
('abc@gmail.com38', 4, 19, 20, 21, 22),
('abc@gmail.com39', 4, 20, 21, 22, 23),
('abc@gmail.com4', 4, 15, 16, 17, 18),
('abc@gmail.com40', 4, 21, 22, 23, 24),
('abc@gmail.com41', 4, 12, 13, 14, 15),
('abc@gmail.com42', 4, 13, 14, 15, 16),
('abc@gmail.com43', 4, 14, 15, 16, 17),
('abc@gmail.com44', 4, 15, 16, 17, 18),
('abc@gmail.com45', 4, 16, 17, 18, 19),
('abc@gmail.com46', 4, 17, 18, 19, 20),
('abc@gmail.com47', 4, 18, 19, 20, 21),
('abc@gmail.com48', 4, 19, 20, 21, 22),
('abc@gmail.com49', 4, 20, 21, 22, 23),
('abc@gmail.com5', 4, 16, 17, 18, 19),
('abc@gmail.com50', 4, 21, 22, 23, 24),
('abc@gmail.com51', 4, 12, 13, 14, 15),
('abc@gmail.com52', 4, 13, 14, 15, 16),
('abc@gmail.com53', 4, 14, 15, 16, 17),
('abc@gmail.com54', 4, 15, 16, 17, 18),
('abc@gmail.com55', 4, 16, 17, 18, 19),
('abc@gmail.com56', 4, 17, 18, 19, 20),
('abc@gmail.com57', 4, 18, 19, 20, 21),
('abc@gmail.com58', 4, 19, 20, 21, 22),
('abc@gmail.com59', 4, 20, 21, 22, 23),
('abc@gmail.com6', 4, 17, 18, 19, 20),
('abc@gmail.com60', 4, 21, 22, 23, 24),
('abc@gmail.com61', 4, 12, 13, 14, 15),
('abc@gmail.com62', 4, 13, 14, 15, 16),
('abc@gmail.com63', 4, 14, 15, 16, 17),
('abc@gmail.com64', 4, 15, 16, 17, 18),
('abc@gmail.com65', 4, 16, 17, 18, 19),
('abc@gmail.com66', 4, 17, 18, 19, 20),
('abc@gmail.com67', 4, 18, 19, 20, 21),
('abc@gmail.com68', 4, 19, 20, 21, 22),
('abc@gmail.com69', 4, 20, 21, 22, 23),
('abc@gmail.com7', 4, 18, 19, 20, 21),
('abc@gmail.com70', 4, 21, 22, 23, 24),
('abc@gmail.com71', 4, 12, 13, 14, 15),
('abc@gmail.com72', 4, 13, 14, 15, 16),
('abc@gmail.com73', 4, 14, 15, 16, 17),
('abc@gmail.com74', 4, 15, 16, 17, 18),
('abc@gmail.com75', 4, 16, 17, 18, 19),
('abc@gmail.com76', 4, 17, 18, 19, 20),
('abc@gmail.com77', 4, 18, 19, 20, 21),
('abc@gmail.com78', 4, 19, 20, 21, 22),
('abc@gmail.com79', 4, 20, 21, 22, 23),
('abc@gmail.com8', 4, 19, 20, 21, 22),
('abc@gmail.com80', 4, 21, 22, 23, 24),
('abc@gmail.com81', 4, 12, 13, 14, 15),
('abc@gmail.com82', 4, 13, 14, 15, 16),
('abc@gmail.com83', 4, 14, 15, 16, 17),
('abc@gmail.com84', 4, 15, 16, 17, 18),
('abc@gmail.com85', 4, 16, 17, 18, 19),
('abc@gmail.com86', 4, 17, 18, 19, 20),
('abc@gmail.com87', 4, 18, 19, 20, 21),
('abc@gmail.com88', 4, 19, 20, 21, 22),
('abc@gmail.com89', 4, 20, 21, 22, 23),
('abc@gmail.com9', 4, 20, 21, 22, 23),
('abc@gmail.com90', 4, 21, 22, 23, 24),
('abc@gmail.com91', 4, 12, 13, 14, 15),
('abc@gmail.com92', 4, 13, 14, 15, 16),
('abc@gmail.com93', 4, 14, 15, 16, 17),
('abc@gmail.com94', 4, 15, 16, 17, 18),
('abc@gmail.com95', 4, 16, 17, 18, 19),
('abc@gmail.com96', 4, 17, 18, 19, 20),
('abc@gmail.com97', 4, 18, 19, 20, 21),
('abc@gmail.com98', 4, 19, 20, 21, 22),
('abc@gmail.com99', 4, 20, 21, 22, 23),
('dnsudhir@gmail.com', 4, 21, 22, 23, 24);

-- --------------------------------------------------------

--
-- Table structure for table `intnl_marks_i`
--

CREATE TABLE IF NOT EXISTS `intnl_marks_i` (
  `email` varchar(50) NOT NULL,
  `sub1` int(11) DEFAULT NULL,
  `sub2` int(11) DEFAULT NULL,
  `sub3` int(11) DEFAULT NULL,
  `sub4` int(11) DEFAULT NULL,
  `sub5` int(11) DEFAULT NULL,
  PRIMARY KEY (`email`)
) ENGINE=MyISAM DEFAULT CHARSET=utf8;

--
-- Dumping data for table `intnl_marks_i`
--

INSERT INTO `intnl_marks_i` (`email`, `sub1`, `sub2`, `sub3`, `sub4`, `sub5`) VALUES
('abc@gmail.com1', 1, 12, 13, 14, 15),
('abc@gmail.com10', 1, 21, 22, 23, 24),
('abc@gmail.com100', 1, 21, 22, 23, 24),
('abc@gmail.com101', 1, 12, 13, 14, 15),
('abc@gmail.com102', 1, 13, 14, 15, 16),
('abc@gmail.com103', 1, 14, 15, 16, 17),
('abc@gmail.com104', 1, 15, 16, 17, 18),
('abc@gmail.com105', 1, 16, 17, 18, 19),
('abc@gmail.com106', 1, 17, 18, 19, 20),
('abc@gmail.com107', 1, 18, 19, 20, 21),
('abc@gmail.com108', 1, 19, 20, 21, 22),
('abc@gmail.com109', 1, 20, 21, 22, 23),
('abc@gmail.com11', 1, 12, 13, 14, 15),
('abc@gmail.com110', 1, 21, 22, 23, 24),
('abc@gmail.com111', 1, 12, 13, 14, 15),
('abc@gmail.com112', 1, 13, 14, 15, 16),
('abc@gmail.com113', 1, 14, 15, 16, 17),
('abc@gmail.com114', 1, 15, 16, 17, 18),
('abc@gmail.com115', 1, 16, 17, 18, 19),
('abc@gmail.com116', 1, 17, 18, 19, 20),
('abc@gmail.com117', 1, 18, 19, 20, 21),
('abc@gmail.com118', 1, 19, 20, 21, 22),
('abc@gmail.com119', 1, 20, 21, 22, 23),
('abc@gmail.com12', 1, 13, 14, 15, 16),
('abc@gmail.com120', 1, 21, 22, 23, 24),
('abc@gmail.com121', 1, 12, 13, 14, 15),
('abc@gmail.com122', 1, 13, 14, 15, 16),
('abc@gmail.com123', 1, 14, 15, 16, 17),
('abc@gmail.com124', 1, 15, 16, 17, 18),
('abc@gmail.com125', 1, 16, 17, 18, 19),
('abc@gmail.com126', 1, 17, 18, 19, 20),
('abc@gmail.com127', 1, 18, 19, 20, 21),
('abc@gmail.com128', 1, 19, 20, 21, 22),
('abc@gmail.com129', 1, 20, 21, 22, 23),
('abc@gmail.com13', 1, 14, 15, 16, 17),
('abc@gmail.com131', 1, 12, 13, 14, 15),
('abc@gmail.com132', 1, 13, 14, 15, 16),
('abc@gmail.com133', 1, 14, 15, 16, 17),
('abc@gmail.com134', 1, 15, 16, 17, 18),
('abc@gmail.com135', 1, 16, 17, 18, 19),
('abc@gmail.com136', 1, 17, 18, 19, 20),
('abc@gmail.com137', 1, 18, 19, 20, 21),
('abc@gmail.com138', 1, 19, 20, 21, 22),
('abc@gmail.com139', 1, 20, 21, 22, 23),
('abc@gmail.com14', 1, 15, 16, 17, 18),
('abc@gmail.com140', 1, 21, 22, 23, 24),
('abc@gmail.com141', 1, 12, 13, 14, 15),
('abc@gmail.com142', 1, 13, 14, 15, 16),
('abc@gmail.com143', 1, 14, 15, 16, 17),
('abc@gmail.com144', 1, 15, 16, 17, 18),
('abc@gmail.com145', 1, 16, 17, 18, 19),
('abc@gmail.com146', 1, 17, 18, 19, 20),
('abc@gmail.com147', 1, 18, 19, 20, 21),
('abc@gmail.com148', 1, 19, 20, 21, 22),
('abc@gmail.com149', 1, 20, 21, 22, 23),
('abc@gmail.com15', 1, 16, 17, 18, 19),
('abc@gmail.com150', 1, 21, 22, 23, 24),
('abc@gmail.com151', 1, 12, 13, 14, 15),
('abc@gmail.com152', 1, 13, 14, 15, 16),
('abc@gmail.com153', 1, 14, 15, 16, 17),
('abc@gmail.com154', 1, 15, 16, 17, 18),
('abc@gmail.com155', 1, 16, 17, 18, 19),
('abc@gmail.com156', 1, 17, 18, 19, 20),
('abc@gmail.com157', 1, 18, 19, 20, 21),
('abc@gmail.com158', 1, 19, 20, 21, 22),
('abc@gmail.com159', 1, 20, 21, 22, 23),
('abc@gmail.com16', 1, 17, 18, 19, 20),
('abc@gmail.com160', 1, 21, 22, 23, 24),
('abc@gmail.com161', 1, 13, 14, 15, 16),
('abc@gmail.com162', 1, 14, 15, 16, 17),
('abc@gmail.com163', 1, 15, 16, 17, 18),
('abc@gmail.com164', 1, 16, 17, 18, 19),
('abc@gmail.com165', 1, 17, 18, 19, 20),
('abc@gmail.com166', 1, 18, 19, 20, 21),
('abc@gmail.com167', 1, 19, 20, 21, 22),
('abc@gmail.com168', 1, 20, 21, 22, 23),
('abc@gmail.com169', 1, 21, 22, 23, 24),
('abc@gmail.com17', 1, 18, 19, 20, 21),
('abc@gmail.com170', 1, 12, 13, 14, 15),
('abc@gmail.com171', 1, 13, 14, 15, 16),
('abc@gmail.com172', 1, 14, 15, 16, 17),
('abc@gmail.com173', 1, 15, 16, 17, 18),
('abc@gmail.com174', 1, 16, 17, 18, 19),
('abc@gmail.com175', 1, 17, 18, 19, 20),
('abc@gmail.com176', 1, 18, 19, 20, 21),
('abc@gmail.com177', 1, 19, 20, 21, 22),
('abc@gmail.com178', 1, 20, 21, 22, 23),
('abc@gmail.com179', 1, 21, 22, 23, 24),
('abc@gmail.com18', 1, 19, 20, 21, 22),
('abc@gmail.com180', 1, 12, 13, 14, 15),
('abc@gmail.com19', 1, 20, 21, 22, 23),
('abc@gmail.com2', 1, 13, 14, 15, 16),
('abc@gmail.com20', 1, 21, 22, 23, 24),
('abc@gmail.com21', 1, 12, 13, 14, 15),
('abc@gmail.com22', 1, 13, 14, 15, 16),
('abc@gmail.com23', 1, 14, 15, 16, 17),
('abc@gmail.com24', 1, 15, 16, 17, 18),
('abc@gmail.com25', 1, 16, 17, 18, 19),
('abc@gmail.com26', 1, 17, 18, 19, 20),
('abc@gmail.com27', 1, 18, 19, 20, 21),
('abc@gmail.com28', 1, 19, 20, 21, 22),
('abc@gmail.com29', 1, 20, 21, 22, 23),
('abc@gmail.com3', 1, 14, 15, 16, 17),
('abc@gmail.com30', 1, 21, 22, 23, 24),
('abc@gmail.com31', 1, 12, 13, 14, 15),
('abc@gmail.com32', 1, 13, 14, 15, 16),
('abc@gmail.com33', 1, 14, 15, 16, 17),
('abc@gmail.com34', 1, 15, 16, 17, 18),
('abc@gmail.com35', 1, 16, 17, 18, 19),
('abc@gmail.com36', 1, 17, 18, 19, 20),
('abc@gmail.com37', 1, 18, 19, 20, 21),
('abc@gmail.com38', 1, 19, 20, 21, 22),
('abc@gmail.com39', 1, 20, 21, 22, 23),
('abc@gmail.com4', 1, 15, 16, 17, 18),
('abc@gmail.com40', 1, 21, 22, 23, 24),
('abc@gmail.com41', 1, 12, 13, 14, 15),
('abc@gmail.com42', 1, 13, 14, 15, 16),
('abc@gmail.com43', 1, 14, 15, 16, 17),
('abc@gmail.com44', 1, 15, 16, 17, 18),
('abc@gmail.com45', 1, 16, 17, 18, 19),
('abc@gmail.com46', 1, 17, 18, 19, 20),
('abc@gmail.com47', 1, 18, 19, 20, 21),
('abc@gmail.com48', 1, 19, 20, 21, 22),
('abc@gmail.com49', 1, 20, 21, 22, 23),
('abc@gmail.com5', 1, 16, 17, 18, 19),
('abc@gmail.com50', 1, 21, 22, 23, 24),
('abc@gmail.com51', 1, 12, 13, 14, 15),
('abc@gmail.com52', 1, 13, 14, 15, 16),
('abc@gmail.com53', 1, 14, 15, 16, 17),
('abc@gmail.com54', 1, 15, 16, 17, 18),
('abc@gmail.com55', 1, 16, 17, 18, 19),
('abc@gmail.com56', 1, 17, 18, 19, 20),
('abc@gmail.com57', 1, 18, 19, 20, 21),
('abc@gmail.com58', 1, 19, 20, 21, 22),
('abc@gmail.com59', 1, 20, 21, 22, 23),
('abc@gmail.com6', 1, 17, 18, 19, 20),
('abc@gmail.com60', 1, 21, 22, 23, 24),
('abc@gmail.com61', 1, 12, 13, 14, 15),
('abc@gmail.com62', 1, 13, 14, 15, 16),
('abc@gmail.com63', 1, 14, 15, 16, 17),
('abc@gmail.com64', 1, 15, 16, 17, 18),
('abc@gmail.com65', 1, 16, 17, 18, 19),
('abc@gmail.com66', 1, 17, 18, 19, 20),
('abc@gmail.com67', 1, 18, 19, 20, 21),
('abc@gmail.com68', 1, 19, 20, 21, 22),
('abc@gmail.com69', 1, 20, 21, 22, 23),
('abc@gmail.com7', 1, 18, 19, 20, 21),
('abc@gmail.com70', 1, 21, 22, 23, 24),
('abc@gmail.com71', 1, 12, 13, 14, 15),
('abc@gmail.com72', 1, 13, 14, 15, 16),
('abc@gmail.com73', 1, 14, 15, 16, 17),
('abc@gmail.com74', 1, 15, 16, 17, 18),
('abc@gmail.com75', 1, 16, 17, 18, 19),
('abc@gmail.com76', 1, 17, 18, 19, 20),
('abc@gmail.com77', 1, 18, 19, 20, 21),
('abc@gmail.com78', 1, 19, 20, 21, 22),
('abc@gmail.com79', 1, 20, 21, 22, 23),
('abc@gmail.com8', 1, 19, 20, 21, 22),
('abc@gmail.com80', 1, 21, 22, 23, 24),
('abc@gmail.com81', 1, 12, 13, 14, 15),
('abc@gmail.com82', 1, 13, 14, 15, 16),
('abc@gmail.com83', 1, 14, 15, 16, 17),
('abc@gmail.com84', 1, 15, 16, 17, 18),
('abc@gmail.com85', 1, 16, 17, 18, 19),
('abc@gmail.com86', 1, 17, 18, 19, 20),
('abc@gmail.com87', 1, 18, 19, 20, 21),
('abc@gmail.com88', 1, 19, 20, 21, 22),
('abc@gmail.com89', 1, 20, 21, 22, 23),
('abc@gmail.com9', 1, 20, 21, 22, 23),
('abc@gmail.com90', 1, 21, 22, 23, 24),
('abc@gmail.com91', 1, 12, 13, 14, 15),
('abc@gmail.com92', 1, 13, 14, 15, 16),
('abc@gmail.com93', 1, 14, 15, 16, 17),
('abc@gmail.com94', 1, 15, 16, 17, 18),
('abc@gmail.com95', 1, 16, 17, 18, 19),
('abc@gmail.com96', 1, 17, 18, 19, 20),
('abc@gmail.com97', 1, 18, 19, 20, 21),
('abc@gmail.com98', 1, 19, 20, 21, 22),
('abc@gmail.com99', 1, 20, 21, 22, 23),
('dnsudhir@gmail.com', 1, 21, 22, 23, 24);

-- --------------------------------------------------------

--
-- Table structure for table `intnl_marks_ii`
--

CREATE TABLE IF NOT EXISTS `intnl_marks_ii` (
  `email` varchar(50) NOT NULL,
  `sub1` int(11) DEFAULT NULL,
  `sub2` int(11) DEFAULT NULL,
  `sub3` int(11) DEFAULT NULL,
  `sub4` int(11) DEFAULT NULL,
  `sub5` int(11) DEFAULT NULL,
  PRIMARY KEY (`email`)
) ENGINE=MyISAM DEFAULT CHARSET=utf8;

--
-- Dumping data for table `intnl_marks_ii`
--

INSERT INTO `intnl_marks_ii` (`email`, `sub1`, `sub2`, `sub3`, `sub4`, `sub5`) VALUES
('abc@gmail.com1', 2, 12, 13, 14, 15),
('abc@gmail.com10', 2, 21, 22, 23, 24),
('abc@gmail.com100', 2, 21, 22, 23, 24),
('abc@gmail.com101', 2, 12, 13, 14, 15),
('abc@gmail.com102', 2, 13, 14, 15, 16),
('abc@gmail.com103', 2, 14, 15, 16, 17),
('abc@gmail.com104', 2, 15, 16, 17, 18),
('abc@gmail.com105', 2, 16, 17, 18, 19),
('abc@gmail.com106', 2, 17, 18, 19, 20),
('abc@gmail.com107', 2, 18, 19, 20, 21),
('abc@gmail.com108', 2, 19, 20, 21, 22),
('abc@gmail.com109', 2, 20, 21, 22, 23),
('abc@gmail.com11', 2, 12, 13, 14, 15),
('abc@gmail.com110', 2, 21, 22, 23, 24),
('abc@gmail.com111', 2, 12, 13, 14, 15),
('abc@gmail.com112', 2, 13, 14, 15, 16),
('abc@gmail.com113', 2, 14, 15, 16, 17),
('abc@gmail.com114', 2, 15, 16, 17, 18),
('abc@gmail.com115', 2, 16, 17, 18, 19),
('abc@gmail.com116', 2, 17, 18, 19, 20),
('abc@gmail.com117', 2, 18, 19, 20, 21),
('abc@gmail.com118', 2, 19, 20, 21, 22),
('abc@gmail.com119', 2, 20, 21, 22, 23),
('abc@gmail.com12', 2, 13, 14, 15, 16),
('abc@gmail.com120', 2, 21, 22, 23, 24),
('abc@gmail.com121', 2, 12, 13, 14, 15),
('abc@gmail.com122', 2, 13, 14, 15, 16),
('abc@gmail.com123', 2, 14, 15, 16, 17),
('abc@gmail.com124', 2, 15, 16, 17, 18),
('abc@gmail.com125', 2, 16, 17, 18, 19),
('abc@gmail.com126', 2, 17, 18, 19, 20),
('abc@gmail.com127', 2, 18, 19, 20, 21),
('abc@gmail.com128', 2, 19, 20, 21, 22),
('abc@gmail.com129', 2, 20, 21, 22, 23),
('abc@gmail.com13', 2, 14, 15, 16, 17),
('abc@gmail.com131', 2, 12, 13, 14, 15),
('abc@gmail.com132', 2, 13, 14, 15, 16),
('abc@gmail.com133', 2, 14, 15, 16, 17),
('abc@gmail.com134', 2, 15, 16, 17, 18),
('abc@gmail.com135', 2, 16, 17, 18, 19),
('abc@gmail.com136', 2, 17, 18, 19, 20),
('abc@gmail.com137', 2, 18, 19, 20, 21),
('abc@gmail.com138', 2, 19, 20, 21, 22),
('abc@gmail.com139', 2, 20, 21, 22, 23),
('abc@gmail.com14', 2, 15, 16, 17, 18),
('abc@gmail.com140', 2, 21, 22, 23, 24),
('abc@gmail.com141', 2, 12, 13, 14, 15),
('abc@gmail.com142', 2, 13, 14, 15, 16),
('abc@gmail.com143', 2, 14, 15, 16, 17),
('abc@gmail.com144', 2, 15, 16, 17, 18),
('abc@gmail.com145', 2, 16, 17, 18, 19),
('abc@gmail.com146', 2, 17, 18, 19, 20),
('abc@gmail.com147', 2, 18, 19, 20, 21),
('abc@gmail.com148', 2, 19, 20, 21, 22),
('abc@gmail.com149', 2, 20, 21, 22, 23),
('abc@gmail.com15', 2, 16, 17, 18, 19),
('abc@gmail.com150', 2, 21, 22, 23, 24),
('abc@gmail.com151', 2, 12, 13, 14, 15),
('abc@gmail.com152', 2, 13, 14, 15, 16),
('abc@gmail.com153', 2, 14, 15, 16, 17),
('abc@gmail.com154', 2, 15, 16, 17, 18),
('abc@gmail.com155', 2, 16, 17, 18, 19),
('abc@gmail.com156', 2, 17, 18, 19, 20),
('abc@gmail.com157', 2, 18, 19, 20, 21),
('abc@gmail.com158', 2, 19, 20, 21, 22),
('abc@gmail.com159', 2, 20, 21, 22, 23),
('abc@gmail.com16', 2, 17, 18, 19, 20),
('abc@gmail.com160', 2, 21, 22, 23, 24),
('abc@gmail.com161', 2, 13, 14, 15, 16),
('abc@gmail.com162', 2, 14, 15, 16, 17),
('abc@gmail.com163', 2, 15, 16, 17, 18),
('abc@gmail.com164', 2, 16, 17, 18, 19),
('abc@gmail.com165', 2, 17, 18, 19, 20),
('abc@gmail.com166', 2, 18, 19, 20, 21),
('abc@gmail.com167', 2, 19, 20, 21, 22),
('abc@gmail.com168', 2, 20, 21, 22, 23),
('abc@gmail.com169', 2, 21, 22, 23, 24),
('abc@gmail.com17', 2, 18, 19, 20, 21),
('abc@gmail.com170', 2, 12, 13, 14, 15),
('abc@gmail.com171', 2, 13, 14, 15, 16),
('abc@gmail.com172', 2, 14, 15, 16, 17),
('abc@gmail.com173', 2, 15, 16, 17, 18),
('abc@gmail.com174', 2, 16, 17, 18, 19),
('abc@gmail.com175', 2, 17, 18, 19, 20),
('abc@gmail.com176', 2, 18, 19, 20, 21),
('abc@gmail.com177', 2, 19, 20, 21, 22),
('abc@gmail.com178', 2, 20, 21, 22, 23),
('abc@gmail.com179', 2, 21, 22, 23, 24),
('abc@gmail.com18', 2, 19, 20, 21, 22),
('abc@gmail.com180', 2, 12, 13, 14, 15),
('abc@gmail.com19', 2, 20, 21, 22, 23),
('abc@gmail.com2', 2, 13, 14, 15, 16),
('abc@gmail.com20', 2, 21, 22, 23, 24),
('abc@gmail.com21', 2, 12, 13, 14, 15),
('abc@gmail.com22', 2, 13, 14, 15, 16),
('abc@gmail.com23', 2, 14, 15, 16, 17),
('abc@gmail.com24', 2, 15, 16, 17, 18),
('abc@gmail.com25', 2, 16, 17, 18, 19),
('abc@gmail.com26', 2, 17, 18, 19, 20),
('abc@gmail.com27', 2, 18, 19, 20, 21),
('abc@gmail.com28', 2, 19, 20, 21, 22),
('abc@gmail.com29', 2, 20, 21, 22, 23),
('abc@gmail.com3', 2, 14, 15, 16, 17),
('abc@gmail.com30', 2, 21, 22, 23, 24),
('abc@gmail.com31', 2, 12, 13, 14, 15),
('abc@gmail.com32', 2, 13, 14, 15, 16),
('abc@gmail.com33', 2, 14, 15, 16, 17),
('abc@gmail.com34', 2, 15, 16, 17, 18),
('abc@gmail.com35', 2, 16, 17, 18, 19),
('abc@gmail.com36', 2, 17, 18, 19, 20),
('abc@gmail.com37', 2, 18, 19, 20, 21),
('abc@gmail.com38', 2, 19, 20, 21, 22),
('abc@gmail.com39', 2, 20, 21, 22, 23),
('abc@gmail.com4', 2, 15, 16, 17, 18),
('abc@gmail.com40', 2, 21, 22, 23, 24),
('abc@gmail.com41', 2, 12, 13, 14, 15),
('abc@gmail.com42', 2, 13, 14, 15, 16),
('abc@gmail.com43', 2, 14, 15, 16, 17),
('abc@gmail.com44', 2, 15, 16, 17, 18),
('abc@gmail.com45', 2, 16, 17, 18, 19),
('abc@gmail.com46', 2, 17, 18, 19, 20),
('abc@gmail.com47', 2, 18, 19, 20, 21),
('abc@gmail.com48', 2, 19, 20, 21, 22),
('abc@gmail.com49', 2, 20, 21, 22, 23),
('abc@gmail.com5', 2, 16, 17, 18, 19),
('abc@gmail.com50', 2, 21, 22, 23, 24),
('abc@gmail.com51', 2, 12, 13, 14, 15),
('abc@gmail.com52', 2, 13, 14, 15, 16),
('abc@gmail.com53', 2, 14, 15, 16, 17),
('abc@gmail.com54', 2, 15, 16, 17, 18),
('abc@gmail.com55', 2, 16, 17, 18, 19),
('abc@gmail.com56', 2, 17, 18, 19, 20),
('abc@gmail.com57', 2, 18, 19, 20, 21),
('abc@gmail.com58', 2, 19, 20, 21, 22),
('abc@gmail.com59', 2, 20, 21, 22, 23),
('abc@gmail.com6', 2, 17, 18, 19, 20),
('abc@gmail.com60', 2, 21, 22, 23, 24),
('abc@gmail.com61', 2, 12, 13, 14, 15),
('abc@gmail.com62', 2, 13, 14, 15, 16),
('abc@gmail.com63', 2, 14, 15, 16, 17),
('abc@gmail.com64', 2, 15, 16, 17, 18),
('abc@gmail.com65', 2, 16, 17, 18, 19),
('abc@gmail.com66', 2, 17, 18, 19, 20),
('abc@gmail.com67', 2, 18, 19, 20, 21),
('abc@gmail.com68', 2, 19, 20, 21, 22),
('abc@gmail.com69', 2, 20, 21, 22, 23),
('abc@gmail.com7', 2, 18, 19, 20, 21),
('abc@gmail.com70', 2, 21, 22, 23, 24),
('abc@gmail.com71', 2, 12, 13, 14, 15),
('abc@gmail.com72', 2, 13, 14, 15, 16),
('abc@gmail.com73', 2, 14, 15, 16, 17),
('abc@gmail.com74', 2, 15, 16, 17, 18),
('abc@gmail.com75', 2, 16, 17, 18, 19),
('abc@gmail.com76', 2, 17, 18, 19, 20),
('abc@gmail.com77', 2, 18, 19, 20, 21),
('abc@gmail.com78', 2, 19, 20, 21, 22),
('abc@gmail.com79', 2, 20, 21, 22, 23),
('abc@gmail.com8', 2, 19, 20, 21, 22),
('abc@gmail.com80', 2, 21, 22, 23, 24),
('abc@gmail.com81', 2, 12, 13, 14, 15),
('abc@gmail.com82', 2, 13, 14, 15, 16),
('abc@gmail.com83', 2, 14, 15, 16, 17),
('abc@gmail.com84', 2, 15, 16, 17, 18),
('abc@gmail.com85', 2, 16, 17, 18, 19),
('abc@gmail.com86', 2, 17, 18, 19, 20),
('abc@gmail.com87', 2, 18, 19, 20, 21),
('abc@gmail.com88', 2, 19, 20, 21, 22),
('abc@gmail.com89', 2, 20, 21, 22, 23),
('abc@gmail.com9', 2, 20, 21, 22, 23),
('abc@gmail.com90', 2, 21, 22, 23, 24),
('abc@gmail.com91', 2, 12, 13, 14, 15),
('abc@gmail.com92', 2, 13, 14, 15, 16),
('abc@gmail.com93', 2, 14, 15, 16, 17),
('abc@gmail.com94', 2, 15, 16, 17, 18),
('abc@gmail.com95', 2, 16, 17, 18, 19),
('abc@gmail.com96', 2, 17, 18, 19, 20),
('abc@gmail.com97', 2, 18, 19, 20, 21),
('abc@gmail.com98', 2, 19, 20, 21, 22),
('abc@gmail.com99', 2, 20, 21, 22, 23),
('dnsudhir@gmail.com', 2, 21, 22, 23, 24);

-- --------------------------------------------------------

--
-- Table structure for table `tbl_student`
--

CREATE TABLE IF NOT EXISTS `tbl_student` (
  `first_Name` text NOT NULL,
  `middle_Name` text NOT NULL,
  `last_Name` text NOT NULL,
  `who` text NOT NULL,
  `email` varchar(255) NOT NULL,
  `password` varbinary(255) NOT NULL,
  `pass_key` varchar(255) NOT NULL,
  `iv` varbinary(255) NOT NULL,
  `roll_No` bigint(255) NOT NULL,
  `dob` varchar(50) NOT NULL,
  `gender` varchar(10) NOT NULL,
  `mobile_No` bigint(10) NOT NULL,
  `status` text NOT NULL,
  PRIMARY KEY (`email`)
) ENGINE=MyISAM DEFAULT CHARSET=utf8;

--
-- Dumping data for table `tbl_student`
--

INSERT INTO `tbl_student` (`first_Name`, `middle_Name`, `last_Name`, `who`, `email`, `password`, `pass_key`, `iv`, `roll_No`, `dob`, `gender`, `mobile_No`, `status`) VALUES
('MCA', '1', 'Year', 'MCA 1 Year', 'abc@gmail.com1', '', 'e10adc3949ba59abbe56e057f20f883e', '', 101115862001, '', 'Male', 9001234567, 'Active'),
('MCA', '1', 'Year', 'MCA 1 Year', 'abc@gmail.com10', '', 'e10adc3949ba59abbe56e057f20f883e', '', 101115862010, '', 'Male', 9001234576, 'Active'),
('MCA', '2', 'Year', 'MCA 2 Year', 'abc@gmail.com100', '', 'e10adc3949ba59abbe56e057f20f883e', '', 101114862040, '', 'Male', 9001234666, 'Active'),
('MCA', '2', 'Year', 'MCA 2 Year', 'abc@gmail.com101', '', 'e10adc3949ba59abbe56e057f20f883e', '', 101114862041, '', 'Male', 9001234667, 'Active'),
('MCA', '2', 'Year', 'MCA 2 Year', 'abc@gmail.com102', '', 'e10adc3949ba59abbe56e057f20f883e', '', 101114862042, '', 'Female', 9001234668, 'Active'),
('MCA', '2', 'Year', 'MCA 2 Year', 'abc@gmail.com103', '', 'e10adc3949ba59abbe56e057f20f883e', '', 101114862043, '', 'Male', 9001234669, 'Active'),
('MCA', '2', 'Year', 'MCA 2 Year', 'abc@gmail.com104', '', 'e10adc3949ba59abbe56e057f20f883e', '', 101114862044, '', 'Female', 9001234670, 'Active'),
('MCA', '2', 'Year', 'MCA 2 Year', 'abc@gmail.com105', '', 'e10adc3949ba59abbe56e057f20f883e', '', 101114862045, '', 'Male', 9001234671, 'Active'),
('MCA', '2', 'Year', 'MCA 2 Year', 'abc@gmail.com106', '', 'e10adc3949ba59abbe56e057f20f883e', '', 101114862046, '', 'Male', 9001234672, 'Active'),
('MCA', '2', 'Year', 'MCA 2 Year', 'abc@gmail.com107', '', 'e10adc3949ba59abbe56e057f20f883e', '', 101114862047, '', 'Female', 9001234673, 'Active'),
('MCA', '2', 'Year', 'MCA 2 Year', 'abc@gmail.com108', '', 'e10adc3949ba59abbe56e057f20f883e', '', 101114862048, '', 'Female', 9001234674, 'Active'),
('MCA', '2', 'Year', 'MCA 2 Year', 'abc@gmail.com109', '', 'e10adc3949ba59abbe56e057f20f883e', '', 101114862049, '', 'Male', 9001234675, 'Active'),
('MCA', '1', 'Year', 'MCA 1 Year', 'abc@gmail.com11', '', 'e10adc3949ba59abbe56e057f20f883e', '', 101115862011, '', 'Male', 9001234577, 'Active'),
('MCA', '2', 'Year', 'MCA 2 Year', 'abc@gmail.com110', '', 'e10adc3949ba59abbe56e057f20f883e', '', 101114862050, '', 'Male', 9001234676, 'Active'),
('MCA', '2', 'Year', 'MCA 2 Year', 'abc@gmail.com111', '', 'e10adc3949ba59abbe56e057f20f883e', '', 101114862051, '', 'Female', 9001234677, 'Active'),
('MCA', '2', 'Year', 'MCA 2 Year', 'abc@gmail.com112', '', 'e10adc3949ba59abbe56e057f20f883e', '', 101114862052, '', 'Male', 9001234678, 'Active'),
('MCA', '2', 'Year', 'MCA 2 Year', 'abc@gmail.com113', '', 'e10adc3949ba59abbe56e057f20f883e', '', 101114862053, '', 'Female', 9001234679, 'Active'),
('MCA', '2', 'Year', 'MCA 2 Year', 'abc@gmail.com114', '', 'e10adc3949ba59abbe56e057f20f883e', '', 101114862054, '', 'Male', 9001234680, 'Active'),
('MCA', '2', 'Year', 'MCA 2 Year', 'abc@gmail.com115', '', 'e10adc3949ba59abbe56e057f20f883e', '', 101114862055, '', 'Male', 9001234681, 'Active'),
('MCA', '2', 'Year', 'MCA 2 Year', 'abc@gmail.com116', '', 'e10adc3949ba59abbe56e057f20f883e', '', 101114862056, '', 'Female', 9001234682, 'Active'),
('MCA', '2', 'Year', 'MCA 2 Year', 'abc@gmail.com117', '', 'e10adc3949ba59abbe56e057f20f883e', '', 101114862057, '', 'Female', 9001234683, 'Active'),
('MCA', '2', 'Year', 'MCA 2 Year', 'abc@gmail.com118', '', 'e10adc3949ba59abbe56e057f20f883e', '', 101114862058, '', 'Male', 9001234684, 'Active'),
('MCA', '2', 'Year', 'MCA 2 Year', 'abc@gmail.com119', '', 'e10adc3949ba59abbe56e057f20f883e', '', 101114862059, '', 'Male', 9001234685, 'Active'),
('MCA', '1', 'Year', 'MCA 1 Year', 'abc@gmail.com12', '', 'e10adc3949ba59abbe56e057f20f883e', '', 101115862012, '', 'Female', 9001234578, 'Active'),
('MCA', '2', 'Year', 'MCA 2 Year', 'abc@gmail.com120', '', 'e10adc3949ba59abbe56e057f20f883e', '', 101114862060, '', 'Female', 9001234686, 'Active'),
('MCA', '3', 'Year', 'MCA 3 Year', 'abc@gmail.com121', '', 'e10adc3949ba59abbe56e057f20f883e', '', 101113862001, '', 'Male', 9001234687, 'Active'),
('MCA', '3', 'Year', 'MCA 3 Year', 'abc@gmail.com122', '', 'e10adc3949ba59abbe56e057f20f883e', '', 101113862002, '', 'Female', 9001234688, 'Active'),
('MCA', '3', 'Year', 'MCA 3 Year', 'abc@gmail.com123', '', 'e10adc3949ba59abbe56e057f20f883e', '', 101113862003, '', 'Male', 9001234689, 'Active'),
('MCA', '3', 'Year', 'MCA 3 Year', 'abc@gmail.com124', '', 'e10adc3949ba59abbe56e057f20f883e', '', 101113862004, '', 'Male', 9001234690, 'Active'),
('MCA', '3', 'Year', 'MCA 3 Year', 'abc@gmail.com125', '', 'e10adc3949ba59abbe56e057f20f883e', '', 101113862005, '', 'Female', 9001234691, 'Active'),
('MCA', '3', 'Year', 'MCA 3 Year', 'abc@gmail.com126', '', 'e10adc3949ba59abbe56e057f20f883e', '', 101113862006, '', 'Female', 9001234692, 'Active'),
('MCA', '3', 'Year', 'MCA 3 Year', 'abc@gmail.com127', '', 'e10adc3949ba59abbe56e057f20f883e', '', 101113862007, '', 'Male', 9001234693, 'Active'),
('MCA', '3', 'Year', 'MCA 3 Year', 'abc@gmail.com128', '', 'e10adc3949ba59abbe56e057f20f883e', '', 101113862008, '', 'Male', 9001234694, 'Active'),
('MCA', '3', 'Year', 'MCA 3 Year', 'abc@gmail.com129', '', 'e10adc3949ba59abbe56e057f20f883e', '', 101113862009, '', 'Female', 9001234695, 'Active'),
('MCA', '1', 'Year', 'MCA 1 Year', 'abc@gmail.com13', '', 'e10adc3949ba59abbe56e057f20f883e', '', 101115862013, '', 'Male', 9001234579, 'Active'),
('MCA', '3', 'Year', 'MCA 3 Year', 'abc@gmail.com131', '', 'e10adc3949ba59abbe56e057f20f883e', '', 101113862011, '', 'Female', 9001234697, 'Active'),
('MCA', '3', 'Year', 'MCA 3 Year', 'abc@gmail.com132', '', 'e10adc3949ba59abbe56e057f20f883e', '', 101113862012, '', 'Male', 9001234698, 'Active'),
('MCA', '3', 'Year', 'MCA 3 Year', 'abc@gmail.com133', '', 'e10adc3949ba59abbe56e057f20f883e', '', 101113862013, '', 'Male', 9001234699, 'Active'),
('MCA', '3', 'Year', 'MCA 3 Year', 'abc@gmail.com134', '', 'e10adc3949ba59abbe56e057f20f883e', '', 101113862014, '', 'Female', 9001234700, 'Active'),
('MCA', '3', 'Year', 'MCA 3 Year', 'abc@gmail.com135', '', 'e10adc3949ba59abbe56e057f20f883e', '', 101113862015, '', 'Female', 9001234701, 'Active'),
('MCA', '3', 'Year', 'MCA 3 Year', 'abc@gmail.com136', '', 'e10adc3949ba59abbe56e057f20f883e', '', 101113862016, '', 'Male', 9001234702, 'Active'),
('MCA', '3', 'Year', 'MCA 3 Year', 'abc@gmail.com137', '', 'e10adc3949ba59abbe56e057f20f883e', '', 101113862017, '', 'Male', 9001234703, 'Active'),
('MCA', '3', 'Year', 'MCA 3 Year', 'abc@gmail.com138', '', 'e10adc3949ba59abbe56e057f20f883e', '', 101113862018, '', 'Female', 9001234704, 'Active'),
('MCA', '3', 'Year', 'MCA 3 Year', 'abc@gmail.com139', '', 'e10adc3949ba59abbe56e057f20f883e', '', 101113862019, '', 'Male', 9001234705, 'Active'),
('MCA', '1', 'Year', 'MCA 1 Year', 'abc@gmail.com14', '', 'e10adc3949ba59abbe56e057f20f883e', '', 101115862014, '', 'Female', 9001234580, 'Active'),
('MCA', '3', 'Year', 'MCA 3 Year', 'abc@gmail.com140', '', 'e10adc3949ba59abbe56e057f20f883e', '', 101113862020, '', 'Female', 9001234706, 'Active'),
('MCA', '3', 'Year', 'MCA 3 Year', 'abc@gmail.com141', '', 'e10adc3949ba59abbe56e057f20f883e', '', 101113862021, '', 'Male', 9001234707, 'Active'),
('MCA', '3', 'Year', 'MCA 3 Year', 'abc@gmail.com142', '', 'e10adc3949ba59abbe56e057f20f883e', '', 101113862022, '', 'Male', 9001234708, 'Active'),
('MCA', '3', 'Year', 'MCA 3 Year', 'abc@gmail.com143', '', 'e10adc3949ba59abbe56e057f20f883e', '', 101113862023, '', 'Female', 9001234709, 'Active'),
('MCA', '3', 'Year', 'MCA 3 Year', 'abc@gmail.com144', '', 'e10adc3949ba59abbe56e057f20f883e', '', 101113862024, '', 'Female', 9001234710, 'Active'),
('MCA', '3', 'Year', 'MCA 3 Year', 'abc@gmail.com145', '', 'e10adc3949ba59abbe56e057f20f883e', '', 101113862025, '', 'Male', 9001234711, 'Active'),
('MCA', '3', 'Year', 'MCA 3 Year', 'abc@gmail.com146', '', 'e10adc3949ba59abbe56e057f20f883e', '', 101113862026, '', 'Male', 9001234712, 'Active'),
('MCA', '3', 'Year', 'MCA 3 Year', 'abc@gmail.com147', '', 'e10adc3949ba59abbe56e057f20f883e', '', 101113862027, '', 'Female', 9001234713, 'Active'),
('MCA', '3', 'Year', 'MCA 3 Year', 'abc@gmail.com148', '', 'e10adc3949ba59abbe56e057f20f883e', '', 101113862028, '', 'Male', 9001234714, 'Active'),
('MCA', '3', 'Year', 'MCA 3 Year', 'abc@gmail.com149', '', 'e10adc3949ba59abbe56e057f20f883e', '', 101113862029, '', 'Female', 9001234715, 'Active'),
('MCA', '1', 'Year', 'MCA 1 Year', 'abc@gmail.com15', '', 'e10adc3949ba59abbe56e057f20f883e', '', 101115862015, '', 'Male', 9001234581, 'Active'),
('MCA', '3', 'Year', 'MCA 3 Year', 'abc@gmail.com150', '', 'e10adc3949ba59abbe56e057f20f883e', '', 101113862030, '', 'Male', 9001234716, 'Active'),
('MCA', '3', 'Year', 'MCA 3 Year', 'abc@gmail.com151', '', 'e10adc3949ba59abbe56e057f20f883e', '', 101113862031, '', 'Male', 9001234717, 'Active'),
('MCA', '3', 'Year', 'MCA 3 Year', 'abc@gmail.com152', '', 'e10adc3949ba59abbe56e057f20f883e', '', 101113862032, '', 'Female', 9001234718, 'Active'),
('MCA', '3', 'Year', 'MCA 3 Year', 'abc@gmail.com153', '', 'e10adc3949ba59abbe56e057f20f883e', '', 101113862033, '', 'Female', 9001234719, 'Active'),
('MCA', '3', 'Year', 'MCA 3 Year', 'abc@gmail.com154', '', 'e10adc3949ba59abbe56e057f20f883e', '', 101113862034, '', 'Male', 9001234720, 'Active'),
('MCA', '3', 'Year', 'MCA 3 Year', 'abc@gmail.com155', '', 'e10adc3949ba59abbe56e057f20f883e', '', 101113862035, '', 'Male', 9001234721, 'Active'),
('MCA', '3', 'Year', 'MCA 3 Year', 'abc@gmail.com156', '', 'e10adc3949ba59abbe56e057f20f883e', '', 101113862036, '', 'Female', 9001234722, 'Active'),
('MCA', '3', 'Year', 'MCA 3 Year', 'abc@gmail.com157', '', 'e10adc3949ba59abbe56e057f20f883e', '', 101113862037, '', 'Male', 9001234723, 'Active'),
('MCA', '3', 'Year', 'MCA 3 Year', 'abc@gmail.com158', '', 'e10adc3949ba59abbe56e057f20f883e', '', 101113862038, '', 'Female', 9001234724, 'Active'),
('MCA', '3', 'Year', 'MCA 3 Year', 'abc@gmail.com159', '', 'e10adc3949ba59abbe56e057f20f883e', '', 101113862039, '', 'Male', 9001234725, 'Active'),
('MCA', '1', 'Year', 'MCA 1 Year', 'abc@gmail.com16', '', 'e10adc3949ba59abbe56e057f20f883e', '', 101115862016, '', 'Male', 9001234582, 'Active'),
('MCA', '3', 'Year', 'MCA 3 Year', 'abc@gmail.com160', '', 'e10adc3949ba59abbe56e057f20f883e', '', 101113862040, '', 'Male', 9001234726, 'Active'),
('MCA', '3', 'Year', 'MCA 3 Year', 'abc@gmail.com161', '', 'e10adc3949ba59abbe56e057f20f883e', '', 101113862041, '', 'Female', 9001234727, 'Active'),
('MCA', '3', 'Year', 'MCA 3 Year', 'abc@gmail.com162', '', 'e10adc3949ba59abbe56e057f20f883e', '', 101113862042, '', 'Female', 9001234728, 'Active'),
('MCA', '3', 'Year', 'MCA 3 Year', 'abc@gmail.com163', '', 'e10adc3949ba59abbe56e057f20f883e', '', 101113862043, '', 'Male', 9001234729, 'Active'),
('MCA', '3', 'Year', 'MCA 3 Year', 'abc@gmail.com164', '', 'e10adc3949ba59abbe56e057f20f883e', '', 101113862044, '', 'Male', 9001234730, 'Active'),
('MCA', '3', 'Year', 'MCA 3 Year', 'abc@gmail.com165', '', 'e10adc3949ba59abbe56e057f20f883e', '', 101113862045, '', 'Female', 9001234731, 'Active'),
('MCA', '3', 'Year', 'MCA 3 Year', 'abc@gmail.com166', '', 'e10adc3949ba59abbe56e057f20f883e', '', 101113862046, '', 'Male', 9001234732, 'Active'),
('MCA', '3', 'Year', 'MCA 3 Year', 'abc@gmail.com167', '', 'e10adc3949ba59abbe56e057f20f883e', '', 101113862047, '', 'Female', 9001234733, 'Active'),
('MCA', '3', 'Year', 'MCA 3 Year', 'abc@gmail.com168', '', 'e10adc3949ba59abbe56e057f20f883e', '', 101113862048, '', 'Male', 9001234734, 'Active'),
('MCA', '3', 'Year', 'MCA 3 Year', 'abc@gmail.com169', '', 'e10adc3949ba59abbe56e057f20f883e', '', 101113862049, '', 'Male', 9001234735, 'Active'),
('MCA', '1', 'Year', 'MCA 1 Year', 'abc@gmail.com17', '', 'e10adc3949ba59abbe56e057f20f883e', '', 101115862017, '', 'Female', 9001234583, 'Active'),
('MCA', '3', 'Year', 'MCA 3 Year', 'abc@gmail.com170', '', 'e10adc3949ba59abbe56e057f20f883e', '', 101113862050, '', 'Female', 9001234736, 'Active'),
('MCA', '3', 'Year', 'MCA 3 Year', 'abc@gmail.com171', '', 'e10adc3949ba59abbe56e057f20f883e', '', 101113862051, '', 'Female', 9001234737, 'Active'),
('MCA', '3', 'Year', 'MCA 3 Year', 'abc@gmail.com172', '', 'e10adc3949ba59abbe56e057f20f883e', '', 101113862052, '', 'Male', 9001234738, 'Active'),
('MCA', '3', 'Year', 'MCA 3 Year', 'abc@gmail.com173', '', 'e10adc3949ba59abbe56e057f20f883e', '', 101113862053, '', 'Male', 9001234739, 'Active'),
('MCA', '3', 'Year', 'MCA 3 Year', 'abc@gmail.com174', '', 'e10adc3949ba59abbe56e057f20f883e', '', 101113862054, '', 'Female', 9001234740, 'Active'),
('MCA', '3', 'Year', 'MCA 3 Year', 'abc@gmail.com175', '', 'e10adc3949ba59abbe56e057f20f883e', '', 101113862055, '', 'Male', 9001234741, 'Active'),
('MCA', '3', 'Year', 'MCA 3 Year', 'abc@gmail.com176', '', 'e10adc3949ba59abbe56e057f20f883e', '', 101113862056, '', 'Female', 9001234742, 'Active'),
('MCA', '3', 'Year', 'MCA 3 Year', 'abc@gmail.com177', '', 'e10adc3949ba59abbe56e057f20f883e', '', 101113862057, '', 'Male', 9001234743, 'Active'),
('MCA', '3', 'Year', 'MCA 3 Year', 'abc@gmail.com178', '', 'e10adc3949ba59abbe56e057f20f883e', '', 101113862058, '', 'Male', 9001234744, 'Active'),
('MCA', '3', 'Year', 'MCA 3 Year', 'abc@gmail.com179', '', 'e10adc3949ba59abbe56e057f20f883e', '', 101113862059, '', 'Female', 9001234745, 'Active'),
('MCA', '1', 'Year', 'MCA 1 Year', 'abc@gmail.com18', '', 'e10adc3949ba59abbe56e057f20f883e', '', 101115862018, '', 'Female', 9001234584, 'Active'),
('MCA', '3', 'Year', 'MCA 3 Year', 'abc@gmail.com180', '', 'e10adc3949ba59abbe56e057f20f883e', '', 101113862060, '', 'Female', 9001234746, 'Active'),
('MCA', '1', 'Year', 'MCA 1 Year', 'abc@gmail.com19', '', 'e10adc3949ba59abbe56e057f20f883e', '', 101115862019, '', 'Male', 9001234585, 'Active'),
('MCA', '1', 'Year', 'MCA 1 Year', 'abc@gmail.com2', '', 'e10adc3949ba59abbe56e057f20f883e', '', 101115862002, '', 'Male', 9001234568, 'Active'),
('MCA', '1', 'Year', 'MCA 1 Year', 'abc@gmail.com20', '', 'e10adc3949ba59abbe56e057f20f883e', '', 101115862020, '', 'Male', 9001234586, 'Active'),
('MCA', '1', 'Year', 'MCA 1 Year', 'abc@gmail.com21', '', 'e10adc3949ba59abbe56e057f20f883e', '', 101115862021, '', 'Female', 9001234587, 'Active'),
('MCA', '1', 'Year', 'MCA 1 Year', 'abc@gmail.com22', '', 'e10adc3949ba59abbe56e057f20f883e', '', 101115862022, '', 'Male', 9001234588, 'Active'),
('MCA', '1', 'Year', 'MCA 1 Year', 'abc@gmail.com23', '', 'e10adc3949ba59abbe56e057f20f883e', '', 101115862023, '', 'Female', 9001234589, 'Active'),
('MCA', '1', 'Year', 'MCA 1 Year', 'abc@gmail.com24', '', 'e10adc3949ba59abbe56e057f20f883e', '', 101115862024, '', 'Male', 9001234590, 'Active'),
('MCA', '1', 'Year', 'MCA 1 Year', 'abc@gmail.com25', '', 'e10adc3949ba59abbe56e057f20f883e', '', 101115862025, '', 'Male', 9001234591, 'Active'),
('MCA', '1', 'Year', 'MCA 1 Year', 'abc@gmail.com26', '', 'e10adc3949ba59abbe56e057f20f883e', '', 101115862026, '', 'Female', 9001234592, 'Active'),
('MCA', '1', 'Year', 'MCA 1 Year', 'abc@gmail.com27', '', 'e10adc3949ba59abbe56e057f20f883e', '', 101115862027, '', 'Female', 9001234593, 'Active'),
('MCA', '1', 'Year', 'MCA 1 Year', 'abc@gmail.com28', '', 'e10adc3949ba59abbe56e057f20f883e', '', 101115862028, '', 'Male', 9001234594, 'Active'),
('MCA', '1', 'Year', 'MCA 1 Year', 'abc@gmail.com29', '', 'e10adc3949ba59abbe56e057f20f883e', '', 101115862029, '', 'Male', 9001234595, 'Active'),
('MCA', '1', 'Year', 'MCA 1 Year', 'abc@gmail.com3', '', 'e10adc3949ba59abbe56e057f20f883e', '', 101115862003, '', 'Female', 9001234569, 'Active'),
('MCA', '1', 'Year', 'MCA 1 Year', 'abc@gmail.com30', '', 'e10adc3949ba59abbe56e057f20f883e', '', 101115862030, '', 'Female', 9001234596, 'Active'),
('MCA', '1', 'Year', 'MCA 1 Year', 'abc@gmail.com31', '', 'e10adc3949ba59abbe56e057f20f883e', '', 101115862031, '', 'Male', 9001234597, 'Active'),
('MCA', '1', 'Year', 'MCA 1 Year', 'abc@gmail.com32', '', 'e10adc3949ba59abbe56e057f20f883e', '', 101115862032, '', 'Female', 9001234598, 'Active'),
('MCA', '1', 'Year', 'MCA 1 Year', 'abc@gmail.com33', '', 'e10adc3949ba59abbe56e057f20f883e', '', 101115862033, '', 'Male', 9001234599, 'Active'),
('MCA', '1', 'Year', 'MCA 1 Year', 'abc@gmail.com34', '', 'e10adc3949ba59abbe56e057f20f883e', '', 101115862034, '', 'Male', 9001234600, 'Active'),
('MCA', '1', 'Year', 'MCA 1 Year', 'abc@gmail.com35', '', 'e10adc3949ba59abbe56e057f20f883e', '', 101115862035, '', 'Female', 9001234601, 'Active'),
('MCA', '1', 'Year', 'MCA 1 Year', 'abc@gmail.com36', '', 'e10adc3949ba59abbe56e057f20f883e', '', 101115862036, '', 'Female', 9001234602, 'Active'),
('MCA', '1', 'Year', 'MCA 1 Year', 'abc@gmail.com37', '', 'e10adc3949ba59abbe56e057f20f883e', '', 101115862037, '', 'Male', 9001234603, 'Active'),
('MCA', '1', 'Year', 'MCA 1 Year', 'abc@gmail.com38', '', 'e10adc3949ba59abbe56e057f20f883e', '', 101115862038, '', 'Male', 9001234604, 'Active'),
('MCA', '1', 'Year', 'MCA 1 Year', 'abc@gmail.com39', '', 'e10adc3949ba59abbe56e057f20f883e', '', 101115862039, '', 'Female', 9001234605, 'Active'),
('MCA', '1', 'Year', 'MCA 1 Year', 'abc@gmail.com4', '', 'e10adc3949ba59abbe56e057f20f883e', '', 101115862004, '', 'Male', 9001234570, 'Active'),
('MCA', '1', 'Year', 'MCA 1 Year', 'abc@gmail.com40', '', 'e10adc3949ba59abbe56e057f20f883e', '', 101115862040, '', 'Male', 9001234606, 'Active'),
('MCA', '1', 'Year', 'MCA 1 Year', 'abc@gmail.com41', '', 'e10adc3949ba59abbe56e057f20f883e', '', 101115862041, '', 'Female', 9001234607, 'Active'),
('MCA', '1', 'Year', 'MCA 1 Year', 'abc@gmail.com42', '', 'e10adc3949ba59abbe56e057f20f883e', '', 101115862042, '', 'Male', 9001234608, 'Active'),
('MCA', '1', 'Year', 'MCA 1 Year', 'abc@gmail.com43', '', 'e10adc3949ba59abbe56e057f20f883e', '', 101115862043, '', 'Male', 9001234609, 'Active'),
('MCA', '1', 'Year', 'MCA 1 Year', 'abc@gmail.com44', '', 'e10adc3949ba59abbe56e057f20f883e', '', 101115862044, '', 'Female', 9001234610, 'Active'),
('MCA', '1', 'Year', 'MCA 1 Year', 'abc@gmail.com45', '', 'e10adc3949ba59abbe56e057f20f883e', '', 101115862045, '', 'Female', 9001234611, 'Active'),
('MCA', '1', 'Year', 'MCA 1 Year', 'abc@gmail.com46', '', 'e10adc3949ba59abbe56e057f20f883e', '', 101115862046, '', 'Male', 9001234612, 'Active'),
('MCA', '1', 'Year', 'MCA 1 Year', 'abc@gmail.com47', '', 'e10adc3949ba59abbe56e057f20f883e', '', 101115862047, '', 'Male', 9001234613, 'Active'),
('MCA', '1', 'Year', 'MCA 1 Year', 'abc@gmail.com48', '', 'e10adc3949ba59abbe56e057f20f883e', '', 101115862048, '', 'Female', 9001234614, 'Active'),
('MCA', '1', 'Year', 'MCA 1 Year', 'abc@gmail.com49', '', 'e10adc3949ba59abbe56e057f20f883e', '', 101115862049, '', 'Male', 9001234615, 'Active'),
('MCA', '1', 'Year', 'MCA 1 Year', 'abc@gmail.com5', '', 'e10adc3949ba59abbe56e057f20f883e', '', 101115862005, '', 'Female', 9001234571, 'Active'),
('MCA', '1', 'Year', 'MCA 1 Year', 'abc@gmail.com50', '', 'e10adc3949ba59abbe56e057f20f883e', '', 101115862050, '', 'Female', 9001234616, 'Active'),
('MCA', '1', 'Year', 'MCA 1 Year', 'abc@gmail.com51', '', 'e10adc3949ba59abbe56e057f20f883e', '', 101115862051, '', 'Male', 9001234617, 'Active'),
('MCA', '1', 'Year', 'MCA 1 Year', 'abc@gmail.com52', '', 'e10adc3949ba59abbe56e057f20f883e', '', 101115862052, '', 'Male', 9001234618, 'Active'),
('MCA', '1', 'Year', 'MCA 1 Year', 'abc@gmail.com53', '', 'e10adc3949ba59abbe56e057f20f883e', '', 101115862053, '', 'Female', 9001234619, 'Active'),
('MCA', '1', 'Year', 'MCA 1 Year', 'abc@gmail.com54', '', 'e10adc3949ba59abbe56e057f20f883e', '', 101115862054, '', 'Female', 9001234620, 'Active'),
('MCA', '1', 'Year', 'MCA 1 Year', 'abc@gmail.com55', '', 'e10adc3949ba59abbe56e057f20f883e', '', 101115862055, '', 'Male', 9001234621, 'Active'),
('MCA', '1', 'Year', 'MCA 1 Year', 'abc@gmail.com56', '', 'e10adc3949ba59abbe56e057f20f883e', '', 101115862056, '', 'Male', 9001234622, 'Active'),
('MCA', '1', 'Year', 'MCA 1 Year', 'abc@gmail.com57', '', 'e10adc3949ba59abbe56e057f20f883e', '', 101115862057, '', 'Female', 9001234623, 'Active'),
('MCA', '1', 'Year', 'MCA 1 Year', 'abc@gmail.com58', '', 'e10adc3949ba59abbe56e057f20f883e', '', 101115862058, '', 'Male', 9001234624, 'Active'),
('MCA', '1', 'Year', 'MCA 1 Year', 'abc@gmail.com59', '', 'e10adc3949ba59abbe56e057f20f883e', '', 101115862059, '', 'Female', 9001234625, 'Active'),
('MCA', '1', 'Year', 'MCA 1 Year', 'abc@gmail.com6', '', 'e10adc3949ba59abbe56e057f20f883e', '', 101115862006, '', 'Male', 9001234572, 'Active'),
('MCA', '1', 'Year', 'MCA 1 Year', 'abc@gmail.com60', '', 'e10adc3949ba59abbe56e057f20f883e', '', 101115862060, '', 'Male', 9001234626, 'Active'),
('MCA', '2', 'Year', 'MCA 2 Year', 'abc@gmail.com61', '', 'e10adc3949ba59abbe56e057f20f883e', '', 101114862001, '', 'Male', 9001234627, 'Active'),
('MCA', '2', 'Year', 'MCA 2 Year', 'abc@gmail.com62', '', 'e10adc3949ba59abbe56e057f20f883e', '', 101114862002, '', 'Female', 9001234628, 'Active'),
('MCA', '2', 'Year', 'MCA 2 Year', 'abc@gmail.com63', '', 'e10adc3949ba59abbe56e057f20f883e', '', 101114862003, '', 'Female', 9001234629, 'Active'),
('MCA', '2', 'Year', 'MCA 2 Year', 'abc@gmail.com64', '', 'e10adc3949ba59abbe56e057f20f883e', '', 101114862004, '', 'Male', 9001234630, 'Active'),
('MCA', '2', 'Year', 'MCA 2 Year', 'abc@gmail.com65', '', 'e10adc3949ba59abbe56e057f20f883e', '', 101114862005, '', 'Male', 9001234631, 'Active'),
('MCA', '2', 'Year', 'MCA 2 Year', 'abc@gmail.com66', '', 'e10adc3949ba59abbe56e057f20f883e', '', 101114862006, '', 'Female', 9001234632, 'Active'),
('MCA', '2', 'Year', 'MCA 2 Year', 'abc@gmail.com67', '', 'e10adc3949ba59abbe56e057f20f883e', '', 101114862007, '', 'Male', 9001234633, 'Active'),
('MCA', '2', 'Year', 'MCA 2 Year', 'abc@gmail.com68', '', 'e10adc3949ba59abbe56e057f20f883e', '', 101114862008, '', 'Female', 9001234634, 'Active'),
('MCA', '2', 'Year', 'MCA 2 Year', 'abc@gmail.com69', '', 'e10adc3949ba59abbe56e057f20f883e', '', 101114862009, '', 'Male', 9001234635, 'Active'),
('MCA', '1', 'Year', 'MCA 1 Year', 'abc@gmail.com7', '', 'e10adc3949ba59abbe56e057f20f883e', '', 101115862007, '', 'Male', 9001234573, 'Active'),
('MCA', '2', 'Year', 'MCA 2 Year', 'abc@gmail.com70', '', 'e10adc3949ba59abbe56e057f20f883e', '', 101114862010, '', 'Male', 9001234636, 'Active'),
('MCA', '2', 'Year', 'MCA 2 Year', 'abc@gmail.com71', '', 'e10adc3949ba59abbe56e057f20f883e', '', 101114862011, '', 'Female', 9001234637, 'Active'),
('MCA', '2', 'Year', 'MCA 2 Year', 'abc@gmail.com72', '', 'e10adc3949ba59abbe56e057f20f883e', '', 101114862012, '', 'Female', 9001234638, 'Active'),
('MCA', '2', 'Year', 'MCA 2 Year', 'abc@gmail.com73', '', 'e10adc3949ba59abbe56e057f20f883e', '', 101114862013, '', 'Male', 9001234639, 'Active'),
('MCA', '2', 'Year', 'MCA 2 Year', 'abc@gmail.com74', '', 'e10adc3949ba59abbe56e057f20f883e', '', 101114862014, '', 'Male', 9001234640, 'Active'),
('MCA', '2', 'Year', 'MCA 2 Year', 'abc@gmail.com75', '', 'e10adc3949ba59abbe56e057f20f883e', '', 101114862015, '', 'Female', 9001234641, 'Active'),
('MCA', '2', 'Year', 'MCA 2 Year', 'abc@gmail.com76', '', 'e10adc3949ba59abbe56e057f20f883e', '', 101114862016, '', 'Male', 9001234642, 'Active'),
('MCA', '2', 'Year', 'MCA 2 Year', 'abc@gmail.com77', '', 'e10adc3949ba59abbe56e057f20f883e', '', 101114862017, '', 'Female', 9001234643, 'Active'),
('MCA', '2', 'Year', 'MCA 2 Year', 'abc@gmail.com78', '', 'e10adc3949ba59abbe56e057f20f883e', '', 101114862018, '', 'Male', 9001234644, 'Active'),
('MCA', '2', 'Year', 'MCA 2 Year', 'abc@gmail.com79', '', 'e10adc3949ba59abbe56e057f20f883e', '', 101114862019, '', 'Male', 9001234645, 'Active'),
('MCA', '1', 'Year', 'MCA 1 Year', 'abc@gmail.com8', '', 'e10adc3949ba59abbe56e057f20f883e', '', 101115862008, '', 'Female', 9001234574, 'Active'),
('MCA', '2', 'Year', 'MCA 2 Year', 'abc@gmail.com80', '', 'e10adc3949ba59abbe56e057f20f883e', '', 101114862020, '', 'Female', 9001234646, 'Active'),
('MCA', '2', 'Year', 'MCA 2 Year', 'abc@gmail.com81', '', 'e10adc3949ba59abbe56e057f20f883e', '', 101114862021, '', 'Female', 9001234647, 'Active'),
('MCA', '2', 'Year', 'MCA 2 Year', 'abc@gmail.com82', '', 'e10adc3949ba59abbe56e057f20f883e', '', 101114862022, '', 'Male', 9001234648, 'Active'),
('MCA', '2', 'Year', 'MCA 2 Year', 'abc@gmail.com83', '', 'e10adc3949ba59abbe56e057f20f883e', '', 101114862023, '', 'Male', 9001234649, 'Active'),
('MCA', '2', 'Year', 'MCA 2 Year', 'abc@gmail.com84', '', 'e10adc3949ba59abbe56e057f20f883e', '', 101114862024, '', 'Female', 9001234650, 'Active'),
('MCA', '2', 'Year', 'MCA 2 Year', 'abc@gmail.com85', '', 'e10adc3949ba59abbe56e057f20f883e', '', 101114862025, '', 'Male', 9001234651, 'Active'),
('MCA', '2', 'Year', 'MCA 2 Year', 'abc@gmail.com86', '', 'e10adc3949ba59abbe56e057f20f883e', '', 101114862026, '', 'Female', 9001234652, 'Active'),
('MCA', '2', 'Year', 'MCA 2 Year', 'abc@gmail.com87', '', 'e10adc3949ba59abbe56e057f20f883e', '', 101114862027, '', 'Male', 9001234653, 'Active'),
('MCA', '2', 'Year', 'MCA 2 Year', 'abc@gmail.com88', '', 'e10adc3949ba59abbe56e057f20f883e', '', 101114862028, '', 'Male', 9001234654, 'Active'),
('MCA', '2', 'Year', 'MCA 2 Year', 'abc@gmail.com89', '', 'e10adc3949ba59abbe56e057f20f883e', '', 101114862029, '', 'Female', 9001234655, 'Active'),
('MCA', '1', 'Year', 'MCA 1 Year', 'abc@gmail.com9', '', 'e10adc3949ba59abbe56e057f20f883e', '', 101115862009, '', 'Female', 9001234575, 'Active'),
('MCA', '2', 'Year', 'MCA 2 Year', 'abc@gmail.com90', '', 'e10adc3949ba59abbe56e057f20f883e', '', 101114862030, '', 'Female', 9001234656, 'Active'),
('MCA', '2', 'Year', 'MCA 2 Year', 'abc@gmail.com91', '', 'e10adc3949ba59abbe56e057f20f883e', '', 101114862031, '', 'Male', 9001234657, 'Active'),
('MCA', '2', 'Year', 'MCA 2 Year', 'abc@gmail.com92', '', 'e10adc3949ba59abbe56e057f20f883e', '', 101114862032, '', 'Male', 9001234658, 'Active'),
('MCA', '2', 'Year', 'MCA 2 Year', 'abc@gmail.com93', '', 'e10adc3949ba59abbe56e057f20f883e', '', 101114862033, '', 'Female', 9001234659, 'Active'),
('MCA', '2', 'Year', 'MCA 2 Year', 'abc@gmail.com94', '', 'e10adc3949ba59abbe56e057f20f883e', '', 101114862034, '', 'Male', 9001234660, 'Active'),
('MCA', '2', 'Year', 'MCA 2 Year', 'abc@gmail.com95', '', 'e10adc3949ba59abbe56e057f20f883e', '', 101114862035, '', 'Female', 9001234661, 'Active'),
('MCA', '2', 'Year', 'MCA 2 Year', 'abc@gmail.com96', '', 'e10adc3949ba59abbe56e057f20f883e', '', 101114862036, '', 'Male', 9001234662, 'Active'),
('MCA', '2', 'Year', 'MCA 2 Year', 'abc@gmail.com97', '', 'e10adc3949ba59abbe56e057f20f883e', '', 101114862037, '', 'Male', 9001234663, 'Active'),
('MCA', '2', 'Year', 'MCA 2 Year', 'abc@gmail.com98', '', 'e10adc3949ba59abbe56e057f20f883e', '', 101114862038, '', 'Female', 9001234664, 'Active'),
('MCA', '2', 'Year', 'MCA 2 Year', 'abc@gmail.com99', '', 'e10adc3949ba59abbe56e057f20f883e', '', 101114862039, '', 'Female', 9001234665, 'Active'),
('asdas', 'dsadas', 'dasdasd', 'MCA 1 Year', 'dsadasd', '', 'e10adc3949ba59abbe56e057f20f883e', '', 1423145, '1452016', 'Male', 1234567890, 'Active'),
('Faculty', '', 'Year', 'Faculty', 'fac@gmail.com1', '', 'e10adc3949ba59abbe56e057f20f883e', '', 0, '01011990', 'Male', 9001234746, 'Active'),
('Faculty', '1', 'Year', 'Faculty', 'fac@gmail.com10', '', 'e10adc3949ba59abbe56e057f20f883e', '', 0, '', 'Female', 9001234756, 'Active'),
('Faculty', '2', 'Year', 'Faculty', 'fac@gmail.com11', '', 'e10adc3949ba59abbe56e057f20f883e', '', 0, '', 'Male', 9001234757, 'Active'),
('Faculty', '2', 'Year', 'Faculty', 'fac@gmail.com12', '', 'e10adc3949ba59abbe56e057f20f883e', '', 0, '', 'Female', 9001234758, 'Active'),
('Faculty', '2', 'Year', 'Faculty', 'fac@gmail.com13', '', 'e10adc3949ba59abbe56e057f20f883e', '', 0, '', 'Male', 9001234759, 'Active'),
('Faculty', '2', 'Year', 'Faculty', 'fac@gmail.com14', '', 'e10adc3949ba59abbe56e057f20f883e', '', 0, '', 'Male', 9001234760, 'Active'),
('Faculty', '2', 'Year', 'Faculty', 'fac@gmail.com15', '', 'e10adc3949ba59abbe56e057f20f883e', '', 0, '', 'Female', 9001234761, 'Active'),
('Faculty', '2', 'Year', 'Faculty', 'fac@gmail.com16', '', 'e10adc3949ba59abbe56e057f20f883e', '', 0, '', 'Female', 9001234762, 'Active'),
('Faculty', '2', 'Year', 'Faculty', 'fac@gmail.com17', '', 'e10adc3949ba59abbe56e057f20f883e', '', 0, '', 'Male', 9001234763, 'Active'),
('Faculty', '2', 'Year', 'Faculty', 'fac@gmail.com18', '', 'e10adc3949ba59abbe56e057f20f883e', '', 0, '', 'Female', 9001234764, 'Active'),
('Faculty', '2', 'Year', 'Faculty', 'fac@gmail.com19', '', 'e10adc3949ba59abbe56e057f20f883e', '', 0, '', 'Male', 9001234765, 'Active'),
('Faculty', '1', 'Year', 'Faculty', 'fac@gmail.com2', '', 'e10adc3949ba59abbe56e057f20f883e', '', 0, '', 'Female', 9001234748, 'Active'),
('Faculty', '2', 'Year', 'Faculty', 'fac@gmail.com20', '', 'e10adc3949ba59abbe56e057f20f883e', '', 0, '', 'Female', 9001234766, 'Active'),
('Faculty', '3', 'Year', 'Faculty', 'fac@gmail.com21', '', 'e10adc3949ba59abbe56e057f20f883e', '', 0, '', 'Male', 9001234767, 'Active'),
('Faculty', '3', 'Year', 'Faculty', 'fac@gmail.com22', '', 'e10adc3949ba59abbe56e057f20f883e', '', 0, '', 'Male', 9001234768, 'Active'),
('Faculty', '3', 'Year', 'Faculty', 'fac@gmail.com23', '', 'e10adc3949ba59abbe56e057f20f883e', '', 0, '', 'Female', 9001234769, 'Active'),
('Faculty', '3', 'Year', 'Faculty', 'fac@gmail.com24', '', 'e10adc3949ba59abbe56e057f20f883e', '', 0, '', 'Female', 9001234770, 'Active'),
('Faculty', '3', 'Year', 'Faculty', 'fac@gmail.com25', '', 'e10adc3949ba59abbe56e057f20f883e', '', 0, '', 'Male', 9001234771, 'Active'),
('Faculty', '3', 'Year', 'Faculty', 'fac@gmail.com26', '', 'e10adc3949ba59abbe56e057f20f883e', '', 0, '', 'Female', 9001234772, 'Active'),
('Faculty', '3', 'Year', 'Faculty', 'fac@gmail.com27', '', 'e10adc3949ba59abbe56e057f20f883e', '', 0, '', 'Male', 9001234773, 'Active'),
('Faculty', '3', 'Year', 'Faculty', 'fac@gmail.com28', '', 'e10adc3949ba59abbe56e057f20f883e', '', 0, '', 'Female', 9001234774, 'Active'),
('Faculty', '3', 'Year', 'Faculty', 'fac@gmail.com29', '', 'e10adc3949ba59abbe56e057f20f883e', '', 0, '', 'Male', 9001234775, 'Active'),
('Faculty', '1', 'Year', 'Faculty', 'fac@gmail.com3', '', 'e10adc3949ba59abbe56e057f20f883e', '', 0, '', 'Male', 9001234749, 'Active'),
('Faculty', '3', 'Year', 'Faculty', 'fac@gmail.com30', '', 'e10adc3949ba59abbe56e057f20f883e', '', 0, '', 'Male', 9001234776, 'Active'),
('Faculty', '1', 'Year', 'Faculty', 'fac@gmail.com4', '', 'e10adc3949ba59abbe56e057f20f883e', '', 0, '', 'Female', 9001234750, 'Active'),
('Faculty', '1', 'Year', 'Faculty', 'fac@gmail.com5', '', 'e10adc3949ba59abbe56e057f20f883e', '', 0, '', 'Male', 9001234751, 'Active'),
('Faculty', '1', 'Year', 'Faculty', 'fac@gmail.com6', '', 'e10adc3949ba59abbe56e057f20f883e', '', 0, '', 'Male', 9001234752, 'Active'),
('Faculty', '1', 'Year', 'Faculty', 'fac@gmail.com7', '', 'e10adc3949ba59abbe56e057f20f883e', '', 0, '', 'Female', 9001234753, 'Active'),
('Faculty', '1', 'Year', 'Faculty', 'fac@gmail.com8', '', 'e10adc3949ba59abbe56e057f20f883e', '', 0, '', 'Female', 9001234754, 'Active'),
('Faculty', '1', 'Year', 'Faculty', 'fac@gmail.com9', '', 'e10adc3949ba59abbe56e057f20f883e', '', 0, '', 'Male', 9001234755, 'Active'),
('Staff', 'MCA', 'MCA', 'MCA', 'oth@gmail.com1', '', 'e10adc3949ba59abbe56e057f20f883e', '', 0, '', 'Female', 9001234777, 'Active'),
('Staff', 'MCA', 'MCA', 'MCA', 'oth@gmail.com2', '', 'e10adc3949ba59abbe56e057f20f883e', '', 0, '', 'Male', 9001234778, 'Active'),
('Placement Officer', 'MCA', 'MCA', 'MCA', 'oth@gmail.com3', '', 'e10adc3949ba59abbe56e057f20f883e', '', 0, '', 'Male', 9001234779, 'Active'),
('Librarian', 'MCA', 'MCA', 'MCA', 'oth@gmail.com4', '', 'e10adc3949ba59abbe56e057f20f883e', '', 0, '', 'Female', 9001234780, 'Active'),
('Sports Incharge', 'MCA', 'MCA', 'MCA', 'oth@gmail.com5', '', 'e10adc3949ba59abbe56e057f20f883e', '', 0, '', 'Male', 9001234781, 'Active'),
('ragavendra', 'asd', 'kumar', 'MCA 3 Year', 'ragav@gmail.com', '', 'e10adc3949ba59abbe56e057f20f883e', '', 101113862061, '332000', 'Male', 1234567890, 'Active'),
('Komali', 'Lakshmi', 'Adas', 'MCA 3 Year', 'alkomali410@gmail.com', 'oA	\rKmR}v?xn', 'e10adc3949ba59abbe56e057f20f883e', 'Rr=;7*$,0sd1F]', 101113862062, '2852016', 'Female', 8099269432, ''),
('Sudheer', 'Naga', 'Doguparthi', 'MCA 3 Year', 'dnsudhir@gmail.com', '?^\nprO5	1|4mp\0@', 'e10adc3949ba59abbe56e057f20f883e', 'CdQB[9^3m=V P	Oo\rNR', 101113862010, '30101991', 'Male', 8099269432, 'Active');

/*!40101 SET CHARACTER_SET_CLIENT=@OLD_CHARACTER_SET_CLIENT */;
/*!40101 SET CHARACTER_SET_RESULTS=@OLD_CHARACTER_SET_RESULTS */;
/*!40101 SET COLLATION_CONNECTION=@OLD_COLLATION_CONNECTION */;
